{"cameraMode":{"drawMode":0,"name":"Shaded","section":"Shading Mode"},"sceneLighting":true,"audioPlay":false,"sceneViewState":{"showFog":true,"showMaterialUpdate":true,"showSkybox":true,"showFlares":true,"showImageEffects":true,"showParticleSystems":true},"in2DMode":false,"pivot":{"x":-0.48326587677001955,"y":2.7921395301818849,"z":0.13283300399780274},"rotation":{"x":-0.04136156663298607,"y":0.4671095311641693,"z":-0.02188066393136978,"w":-0.8829630017280579},"size":17.02617835998535,"orthographic":false}