{"cameraMode":{"drawMode":0,"name":"Shaded","section":"Shading Mode"},"sceneLighting":true,"audioPlay":false,"sceneViewState":{"showFog":true,"showMaterialUpdate":true,"showSkybox":true,"showFlares":true,"showImageEffects":true,"showParticleSystems":true},"in2DMode":false,"pivot":{"x":-5.650271415710449,"y":1.0883537530899048,"z":2.071951389312744},"rotation":{"x":-0.04136156663298607,"y":0.4671095311641693,"z":-0.02188066393136978,"w":-0.8829630017280579},"size":13.185237884521485,"orthographic":false}