{"cameraMode":{"drawMode":0,"name":"Shaded","section":"Shading Mode"},"sceneLighting":true,"audioPlay":false,"sceneViewState":{"showFog":true,"showMaterialUpdate":true,"showSkybox":true,"showFlares":true,"showImageEffects":true,"showParticleSystems":true},"in2DMode":false,"pivot":{"x":219.98138427734376,"y":1.3444280624389649,"z":2.4701988697052},"rotation":{"x":-0.11243686079978943,"y":0.7584028244018555,"z":-0.13589923083782197,"w":-0.6274677515029907},"size":24.702091217041017,"orthographic":false}