{"cameraMode":{"drawMode":0,"name":"Shaded","section":"Shading Mode"},"sceneLighting":true,"audioPlay":false,"sceneViewState":{"showFog":true,"showMaterialUpdate":true,"showSkybox":true,"showFlares":true,"showImageEffects":true,"showParticleSystems":true},"in2DMode":false,"pivot":{"x":-0.2870197296142578,"y":2.6797657012939455,"z":-3.5097692012786867},"rotation":{"x":-0.11122653633356095,"y":0.726938009262085,"z":-0.12127641588449478,"w":-0.6666970252990723},"size":15.907944679260254,"orthographic":false}