{"cameraMode":{"drawMode":0,"name":"Shaded","section":"Shading Mode"},"sceneLighting":true,"audioPlay":false,"sceneViewState":{"showFog":true,"showMaterialUpdate":true,"showSkybox":true,"showFlares":true,"showImageEffects":true,"showParticleSystems":true},"in2DMode":false,"pivot":{"x":-0.49196791648864748,"y":4.930976390838623,"z":0.7359580993652344},"rotation":{"x":-0.04136156663298607,"y":0.4671095311641693,"z":-0.02188066393136978,"w":-0.8829630017280579},"size":19.50460433959961,"orthographic":false}