{"cameraMode":{"drawMode":0,"name":"Shaded","section":"Shading Mode"},"sceneLighting":true,"audioPlay":false,"sceneViewState":{"showFog":true,"showMaterialUpdate":true,"showSkybox":true,"showFlares":true,"showImageEffects":true,"showParticleSystems":true},"in2DMode":false,"pivot":{"x":-10.454493522644043,"y":1.7332088947296143,"z":2.729808807373047},"rotation":{"x":-0.04136156663298607,"y":0.4671095311641693,"z":-0.02188066393136978,"w":-0.8829630017280579},"size":29.120445251464845,"orthographic":false}