{"cameraMode":{"drawMode":0,"name":"Shaded","section":"Shading Mode"},"sceneLighting":true,"audioPlay":false,"sceneViewState":{"showFog":true,"showMaterialUpdate":true,"showSkybox":true,"showFlares":true,"showImageEffects":true,"showParticleSystems":true},"in2DMode":false,"pivot":{"x":-0.7401161193847656,"y":3.158329963684082,"z":-0.18340492248535157},"rotation":{"x":-0.04136156663298607,"y":0.4671095311641693,"z":-0.02188066393136978,"w":-0.8829630017280579},"size":17.684486389160158,"orthographic":false}